,Stock Name,3M Price Chart,Market Cap (Cr),LTPLast Traded Price,Day High Low (%),Week High Low (%),Month High Low (%),Qtr High Low(%),1 Year High low(%),3 Year High low(%),5 Year High low(%),10 Year High low(%)
0,ACC Ltd.,,34033.6,1812.4,L  1.3%  H  1788  1826.9,L  -1.8%  H  1754  1850.5,L  1.5%  H  1754  1870,L  12.3%  H  1592.4  1870,L  -14.8%  H  1592.4  2785,L  40.6%  H  1253  2785,L  40.3%  H  895.2  2785,L  48.2%  H  895.2  2785
1,Adani Ports & Special Econ...,,163414.5,756.5,L  5.0%  H  721.8  759,L  0.9%  H  703  759,L  4.1%  H  703  759,L  27.5%  H  590.1  785.7,L  11.6%  H  395.1  987.9,L  120.4%  H  298  987.9,L  109.1%  H  203  987.9,L  403.3%  H  116.7  987.9
2,Aditya Birla Fashion and R...,,20252.8,213.5,L  1.2%  H  211.9  214.8,L  0.6%  H  200  216.9,L  8.3%  H  196.1  216.9,L  2.3%  H  184.4  227.6,L  -11.0%  H  184.4  359.5,L  65.1%  H  111.8  359.5,L  54.8%  H  97  359.5,L  ;  H  75  359.5
3,Alkem Laboratories Ltd.,,41203.9,3446.2,L  1.5%  H  3395  3459.8,L  1.7%  H  3307.2  3459.8,L  3%  H  3307.2  3460,L  6.3%  H  3186.3  3625,L  15.6%  H  2855  3625,L  46.7%  H  2325  4070,L  79.6%  H  1660  4070,L  ;  H  1152.5  4070
4,Ambuja Cements Ltd.,,86226.6,434.3,L  0.1%  H  431.9  441.8,L  -3.1%  H  419.3  453.0,L  2.3%  H  419.3  468.9,L  21.0%  H  358.2  468.9,L  18.5%  H  315.3  598,L  131.0%  H  183.2  598,L  116.2%  H  136.6  598,L  132.4%  H  136.6  598
5,Apollo Hospitals Enterpris...,,73717.0,5126.9,L  -0.3%  H  5116.2  5176.0,L  0.2%  H  5000.1  5176.0,L  11.2%  H  4525  5294,L  18.3%  H  4168  5294,L  33.6%  H  3635.2  5294,L  269.3%  H  1311  5935.4,L  406.4%  H  910.1  5935.4,L  386.7%  H  801.2  5935.4
6,Ashok Leyland Ltd.,,48725.0,166.0,L  1.4%  H  163  166.9,L  1.3%  H  159.7  166.9,L  14.1%  H  144.5  170.6,L  23.3%  H  134.4  170.6,L  14.5%  H  133.1  170.6,L  216.4%  H  46.7  170.6,L  33.7%  H  33.7  170.6,L  725.6%  H  11.8  170.6
7,Asian Paints Ltd.,,321163.4,3348.3,L  0.7%  H  3323.5  3355.3,L  1.0%  H  3242.5  3355.3,L  7.0%  H  3116.1  3355.3,L  20.3%  H  2708.7  3355.3,L  22.8%  H  2678  3582.9,L  98.5%  H  1645.1  3590,L  164.0%  H  1118  3590,L  622.2%  H  373.4  3590
8,Aurobindo Pharma Ltd.,,43286.2,738.8,L  2.9%  H  714.5  741.9,L  8.3%  H  665.8  741.9,L  20.2%  H  584.7  741.9,L  44.4%  H  504.7  741.9,L  41.7%  H  397.2  741.9,L  -5.3%  H  397.2  1063.9,L  23.0%  H  288.9  1063.9,L  718.1%  H  69.2  1063.9
9,Avenue Supermarts Ltd.,,257924.6,3963.6,L  2.4%  H  3852.1  3988,L  1.1%  H  3731.9  3988,L  13.2%  H  3437.4  4150,L  19.5%  H  3315  4150,L  13.9%  H  3292  4609,L  72.8%  H  1954.9  5900,L  176.1%  H  1125.8  5900,L  ;  H  558.3  5900
10,Axis Bank Ltd.,,301260.1,978.2,L  0.5%  H  967  984,L  1.3%  H  953.1  984,L  5.5%  H  910.2  989.7,L  17.5%  H  830  989.7,L  52.3%  H  623.5  989.7,L  130.2%  H  400.2  989.7,L  93.9%  H  286  989.7,L  269.1%  H  152.7  989.7
11,Bajaj Auto Ltd.,,133451.2,4716.3,L  2.1%  H  4620.1  4740,L  1.4%  H  4600.6  4740,L  2.2%  H  4552.7  4829.9,L  24.4%  H  3800.2  4829.9,L  21.3%  H  3461.3  4829.9,L  64.5%  H  2811.6  4829.9,L  73.6%  H  1788.7  4829.9,L  145.1%  H  1680.1  4829.9
12,Bajaj Finance Ltd.,,429608.3,7090.2,L  1.0%  H  7040  7125,L  -1.6%  H  6945  7204.2,L  2.7%  H  6901.8  7398.9,L  28.1%  H  5555  7398.9,L  27.2%  H  5335.1  7778,L  144.2%  H  2770  8050,L  211.7%  H  1783  8050,L  5020.0%  H  96.5  8050
13,Bajaj Finserv Ltd.,,241924.8,1518.9,L  -0.3%  H  1515.8  1535,L  0.0%  H  1484.0  1535,L  5.5%  H  1439.5  1553.3,L  24.2%  H  1225.5  1553.3,L  33.7%  H  1072.7  1844,L  155.4%  H  540  1932.5,L  159.7%  H  398.5  1932.5,L  2264.0%  H  56.1  1932.5
14,Balkrishna Industries Ltd.,,45642.2,2361.0,L  0.1%  H  2341.9  2378.7,L  -4.7%  H  2341.9  2489.4,L  -4.4%  H  2214.1  2525,L  20.0%  H  1932.5  2525,L  8.8%  H  1796.3  2525,L  90.0%  H  1220.1  2723.8,L  131.7%  H  679  2723.8,L  2203.9%  H  100.1  2723.8
15,Bank of Baroda,,98255.9,190.0,L  -0.5%  H  189.2  192.0,L  -4.1%  H  188.9  198.6,L  3.5%  H  182.1  198.6,L  18.2%  H  160  198.6,L  87.1%  H  95.6  198.6,L  266.4%  H  39.5  198.6,L  68.1%  H  36  198.6,L  65.5%  H  36  228.9
16,Bank of India,,29607.2,72.2,L  -0.3%  H  71.7  73.9,L  -1.7%  H  69.5  74.0,L  -3.2%  H  69.5  75.9,L  0.8%  H  69.5  89.2,L  60.7%  H  43.9  103.5,L  40.5%  H  38.2  103.5,L  -15.3%  H  30.4  110.2,L  -69.0%  H  30.4  357
17,Bata India Ltd.,,21373.5,1663.0,L  0.0%  H  1658.9  1675,L  0.8%  H  1614.5  1675,L  5.1%  H  1555.5  1675,L  19.2%  H  1381.5  1675,L  -2.9%  H  1381.1  2004.9,L  25.4%  H  1213.8  2262,L  100.8%  H  813.1  2262,L  298.2%  H  385.5  2262
18,Berger Paints (India) Ltd.,,65585.6,675.2,L  -0.5%  H  673.5  683,L  -1.2%  H  668.5  689,L  4.3%  H  637.7  689,L  17.6%  H  567.9  689,L  16.0%  H  527.2  710.3,L  32.2%  H  488.1  873.0,L  140.2%  H  260  873.0,L  723.8%  H  51.4  873.0
19,Bharat Electronics Ltd.,,88265.6,120.8,L  2.0%  H  118.1  122.4,L  -1.7%  H  117.9  127.4,L  9.1%  H  110.2  127.4,L  33.7%  H  89.9  127.4,L  53.2%  H  74.7  127.4,L  324.7%  H  28.1  127.4,L  249.2%  H  18.7  127.4,L  836.8%  H  8.2  127.4
20,Bharat Forge Ltd.,,38022.3,816.7,L  -0.4%  H  813.5  823.4,L  0.4%  H  799.8  827.7,L  6.4%  H  766.3  845.7,L  8.9%  H  743.6  845.7,L  24.0%  H  630  919.5,L  131.7%  H  306.6  919.5,L  35.1%  H  207.5  919.5,L  636.7%  H  92.7  919.5
21,Bharat Heavy Electricals Ltd.,,29614.9,85.1,L  0.8%  H  84.5  85.8,L  -2.1%  H  83.3  87.2,L  7.7%  H  77.3  90.2,L  21.3%  H  67.6  90.2,L  83.7%  H  44.4  91.6,L  130.5%  H  26.8  91.6,L  21.9%  H  18.4  91.6,L  -26.8%  H  18.4  200
22,Bharat Petroleum Corporati...,,79264.5,365.4,L  1.4%  H  359.2  366.8,L  -2.0%  H  355.7  378.7,L  0.3%  H  354.6  380.5,L  7.5%  H  327  380.5,L  14.7%  H  288.1  380.5,L  -7.2%  H  288.1  503,L  -0.4%  H  238.6  549,L  198.7%  H  76.0  551.6
23,Bharti Airtel Ltd.,,495351.4,872.2,L  0.8%  H  863.6  873.6,L  4.0%  H  834.7  873.6,L  6.6%  H  812.8  888.8,L  16.5%  H  738.9  888.8,L  28.1%  H  628.8  888.8,L  55.6%  H  394  888.8,L  130.8%  H  276.9  888.8,L  199.0%  H  276.9  888.8
24,Indus Towers Ltd.,,44291.3,164.4,L  1.1%  H  162.4  167.6,L  -1.6%  H  159.7  169.7,L  4.9%  H  152.4  173.0,L  14.2%  H  135.8  173.0,L  -20.9%  H  135.2  230.9,L  -25.5%  H  135.2  332.8,L  -44.8%  H  120.1  335,L  7.5%  H  120.1  499.7
25,Biocon Ltd.,,29414.7,245.0,L  0.6%  H  243.6  245.8,L  0.0%  H  234.8  245.9,L  2.3%  H  234  248.0,L  21.0%  H  199.7  260.6,L  -22.5%  H  191.6  341.7,L  -39.0%  H  191.6  487.8,L  -20.5%  H  191.6  487.8,L  423.4%  H  45.9  487.8
26,Bosch Ltd.,,55216.3,18721.5,L  0.8%  H  18510  18790,L  -2.5%  H  18485  19329.9,L  -1.2%  H  18245.7  19449.9,L  1.0%  H  18245.7  19850.4,L  27.7%  H  14560  19850.4,L  67.0%  H  10909.1  19850.4,L  8.4%  H  7850  22400,L  106.9%  H  7850  27990
27,Britannia Industries Ltd.,,120245.1,4992.2,L  0.8%  H  4959.9  5020.0,L  -1.5%  H  4945.3  5071.9,L  8.6%  H  4563  5085.3,L  18.9%  H  4199.0  5085.3,L  45.3%  H  3360  5085.3,L  44.4%  H  3050  5085.3,L  62.9%  H  2100  5085.3,L  1380.7%  H  328.9  5085.3
28,Zydus Lifesciences Ltd.,,58955.8,582.5,L  2.1%  H  565.3  589.1,L  4.0%  H  547.9  589.1,L  14.6%  H  498.9  589.1,L  20.2%  H  483.5  589.1,L  62.8%  H  340  589.1,L  60.1%  H  319  673.7,L  54.1%  H  202  673.7,L  275.9%  H  125.8  673.7
29,Canara Bank,,53807.1,296.6,L  0.2%  H  295.6  299.7,L  -3.3%  H  291.7  307,L  -3.3%  H  291.7  316.6,L  7.8%  H  274.1  326.9,L  57.9%  H  178.5  341.7,L  183.8%  H  82.3  341.7,L  19.2%  H  73.7  341.7,L  -17.7%  H  73.7  498
30,Cholamandalam Investment &...,,92705.3,1127.5,L  3.1%  H  1096.0  1131.2,L  -0.6%  H  1068.1  1135,L  7.4%  H  1036.3  1155,L  54%  H  730.7  1155,L  76.0%  H  612.1  1155,L  458.7%  H  187  1155,L  284.0%  H  117.4  1155,L  2245.5%  H  40.4  1155
31,Cipla Ltd.,,81523.1,1009.9,L  0.1%  H  1004.1  1018.5,L  0.1%  H  985.7  1026.1,L  6.2%  H  942.3  1026.1,L  13.5%  H  885.4  1026.1,L  6.9%  H  852  1185.3,L  59.1%  H  621.1  1185.3,L  68.1%  H  355.3  1185.3,L  157.7%  H  355.3  1185.3
32,Coal India Ltd.,,140048.0,227.3,L  0.9%  H  224.2  227.7,L  -0.5%  H  223.3  229.6,L  -5.9%  H  223.3  247.9,L  8.8%  H  208.4  247.9,L  21.9%  H  176.6  263.4,L  59.9%  H  109.6  263.4,L  -12.8%  H  109.6  299.8,L  -24.9%  H  109.6  447.1
33,Colgate-Palmolive (India) ...,,45918.0,1688.3,L  -0.3%  H  1678  1705,L  2.2%  H  1625  1705,L  5.5%  H  1569  1705,L  12.7%  H  1490.1  1714.5,L  11.5%  H  1434.6  1714.5,L  21.3%  H  1322.2  1823.4,L  46.1%  H  1018.3  1823.4,L  148.8%  H  595  1823.4
34,Container Corporation of I...,,40036.7,657.1,L  1.3%  H  646.3  658.3,L  0.6%  H  632.5  658.3,L  -2.3%  H  629.2  688,L  16.7%  H  555  688,L  5.9%  H  555  828.8,L  51.5%  H  351  828.8,L  34.4%  H  263.4  828.8,L  185.6%  H  203.0  828.8
35,Coromandel International Ltd.,,27691.5,941.8,L  0.3%  H  933.5  945,L  -0.1%  H  913.6  968.9,L  0.5%  H  913.6  973.7,L  8.5%  H  848.6  1004.3,L  0.5%  H  838  1094,L  24.3%  H  682  1094,L  143.6%  H  336.6  1094,L  414.3%  H  145.5  1094
36,Crompton Greaves Consumer ...,,18397.2,287.6,L  -0.8%  H  286.5  291.5,L  -2.1%  H  281.5  294.8,L  5.8%  H  271.2  297.8,L  -2.5%  H  251  302.9,L  -15.8%  H  251  429,L  21.7%  H  228.5  512.8,L  30.7%  H  177.3  512.8,L  ;  H  125  512.8
37,Cummins India Ltd.,,52972.9,1911.0,L  1.5%  H  1872.7  1929,L  2.9%  H  1807.1  1929,L  10.1%  H  1730  1929,L  18.5%  H  1481  1929,L  90.9%  H  989  1929,L  365.4%  H  373.3  1929,L  195.2%  H  280  1929,L  319.3%  H  280  1929
38,DLF Ltd.,,120275.4,485.9,L  0.4%  H  483.6  488,L  0.6%  H  469.7  488,L  1.6%  H  467.8  508.8,L  39.4%  H  346.5  508.8,L  52.1%  H  308.1  508.8,L  214.7%  H  134.5  508.8,L  162.4%  H  114.6  508.8,L  168.1%  H  72.4  508.8
39,Dabur India Ltd.,,101732.5,574.1,L  0.6%  H  568.7  575.9,L  1.2%  H  556  575.9,L  5.9%  H  541.6  575.9,L  7.6%  H  503.7  575.9,L  12.1%  H  492.1  610.8,L  24.7%  H  458.1  659.0,L  48.2%  H  357.6  659.0,L  269.4%  H  142.7  659.0
40,Divi's Laboratories Ltd.,,95609.8,3601.6,L  0.5%  H  3585.1  3631.7,L  2.6%  H  3450.1  3631.7,L  2.5%  H  3309.0  3633.1,L  28.3%  H  2792.7  3633.1,L  -0.3%  H  2730  3973.9,L  53.2%  H  2090.1  5425.1,L  260.1%  H  1003  5425.1,L  626.8%  H  452.6  5425.1
41,Dr. Reddy's Laboratories Ltd.,,85074.1,5107.9,L  1.6%  H  5004.4  5119.4,L  4.0%  H  4890  5119.4,L  12.7%  H  4481.0  5119.4,L  12.8%  H  4384.1  5119.4,L  16.8%  H  3997  5119.4,L  27.7%  H  3654  5614.6,L  122.5%  H  1873.0  5614.6,L  130.2%  H  1873.0  5614.6
42,Eicher Motors Ltd.,,97006.1,3544.9,L  0.3%  H  3537.9  3569.9,L  -0.7%  H  3509.8  3630,L  -3.9%  H  3465.1  3748,L  24.3%  H  2850  3748,L  23.8%  H  2745.8  3889.7,L  91.9%  H  1797  3889.7,L  24.7%  H  1245.0  3889.7,L  981.8%  H  296.5  3889.7
43,Federal Bank Ltd.,,25866.9,122.2,L  -0.7%  H  121.7  124.3,L  -1.1%  H  121  124.4,L  -2.5%  H  121  128.1,L  -2.8%  H  121  140.3,L  33.1%  H  89.3  143.4,L  128.5%  H  45.4  143.4,L  55.4%  H  35.7  143.4,L  198.5%  H  22.3  143.4
44,GAIL (India) Ltd.,,68249.5,103.8,L  -0.5%  H  103.5  104.9,L  -2.7%  H  103.3  107,L  -2.4%  H  103.3  108.7,L  -0.3%  H  103.0  114.0,L  13.7%  H  83  114.0,L  48.1%  H  54.1  115.7,L  -2.6%  H  43.3  133.1,L  76.7%  H  43.3  133.1
45,Godrej Consumer Products Ltd.,,109337.2,1069.1,L  3.1%  H  1031.2  1081.5,L  0.5%  H  1029.6  1081.5,L  1.8%  H  1027.1  1085.2,L  11.5%  H  897  1085.2,L  34.6%  H  749  1085.2,L  56.0%  H  641  1138,L  31.7%  H  425.1  1138,L  291.7%  H  222.3  1138
46,HCL Technologies Ltd.,,317566.7,1170.3,L  0.0%  H  1166.5  1174.0,L  0.0%  H  1151  1176.0,L  2.7%  H  1106.0  1176.0,L  12.4%  H  1016.3  1176.0,L  16.8%  H  877.4  1176.0,L  108.1%  H  550.3  1377.8,L  157.3%  H  375.3  1377.8,L  503.2%  H  189.0  1377.8
47,HDFC Bank Ltd.,,937269.4,1676.2,L  1.1%  H  1660.5  1679.9,L  2.5%  H  1628.7  1679.9,L  3.7%  H  1579  1679.9,L  6.1%  H  1579  1734.5,L  24.5%  H  1330.1  1734.5,L  58.7%  H  993  1734.5,L  57.3%  H  738.8  1734.5,L  400.7%  H  264  1734.5
48,Havells India Ltd.,,80785.3,1289.5,L  0.3%  H  1281.0  1300,L  -3.7%  H  1276  1348.4,L  0.0%  H  1276  1373.7,L  12.7%  H  1136.1  1373.7,L  16.5%  H  1024.5  1405.6,L  120.2%  H  562.2  1504.5,L  146.6%  H  447.1  1504.5,L  776.9%  H  117.2  1504.5
49,Hero MotoCorp Ltd.,,56530.2,2828.8,L  -0.5%  H  2795  2861.4,L  0.2%  H  2765  2866.9,L  3.1%  H  2736.1  3026,L  25.8%  H  2250  3026,L  2.2%  H  2246  3026,L  11.3%  H  2146.9  3629.1,L  -19.5%  H  1475  3670,L  70.1%  H  1475  4092.0
50,Hindalco Industries Ltd.,,94427.1,420.2,L  0.6%  H  418.4  421.6,L  -0.2%  H  407.5  425.4,L  1.6%  H  404.4  433.3,L  7.0%  H  389.9  449.9,L  22.3%  H  326.7  504,L  178.2%  H  143.3  636,L  90.1%  H  84.9  636,L  321.0%  H  58.8  636
51,Hindustan Petroleum Corpor...,,38173.1,269.1,L  0.8%  H  266.2  275,L  -1.8%  H  265  276,L  4.1%  H  253.3  279.5,L  14.9%  H  220.1  279.5,L  21.0%  H  200.1  279.5,L  16.4%  H  162.9  354.8,L  3.0%  H  150  354.8,L  378.5%  H  35.1  492.8
52,Hindustan Unilever Ltd.,,625285.0,2661.3,L  0.4%  H  2642  2687.6,L  -0.6%  H  2627.5  2687.6,L  0.3%  H  2620.1  2738.2,L  7.2%  H  2419  2738.2,L  14.8%  H  2203.6  2741.6,L  23.5%  H  1901.6  2859.3,L  66.0%  H  1477.2  2859.3,L  354.8%  H  537.2  2859.3
53,Hindustan Zinc Ltd.,,129675.0,306.9,L  0.5%  H  305.9  309.4,L  -0.3%  H  304  313.6,L  0.4%  H  298.7  313.6,L  -6.7%  H  292.3  328.5,L  22.2%  H  242.1  383,L  54.3%  H  182.3  408.6,L  12.8%  H  116.1  408.6,L  200.1%  H  94  408.6
54,Housing Development Financ...,,514511.4,2779.0,L  0.6%  H  2761  2785,L  2.9%  H  2700.6  2785,L  4.8%  H  2618  2785,L  7.7%  H  2579.0  2867,L  27.4%  H  2133.1  2867,L  57.1%  H  1623  3021.1,L  48.0%  H  1473.5  3021.1,L  216.1%  H  632.2  3021.1
55,ITC Ltd.,,558453.0,449.4,L  1.0%  H  444.5  450.6,L  0.5%  H  442.7  451.4,L  1.3%  H  433.9  455.9,L  18.3%  H  377.2  455.9,L  65.3%  H  269.2  455.9,L  130.2%  H  163.4  455.9,L  72.5%  H  134.6  455.9,L  107.8%  H  134.6  455.9
56,ICICI Bank Ltd.,,655872.9,937.5,L  0.1%  H  934.3  944,L  1.4%  H  919  944,L  -1.4%  H  914.8  957.6,L  9.7%  H  848  958.9,L  32.0%  H  694.1  958.9,L  168.5%  H  333.8  958.9,L  245.4%  H  256.5  958.9,L  381.5%  H  137.6  958.9
57,ICICI Prudential Life Insu...,,82475.4,573.2,L  -1.2%  H  571.4  583.3,L  0.9%  H  554.4  583.3,L  28.5%  H  447.6  583.3,L  35.9%  H  418.9  583.3,L  16.8%  H  380.7  608.8,L  35.4%  H  380.7  724.3,L  55.0%  H  226.1  724.3,L  ;  H  226.1  724.3
58,IDFC First Bank Ltd.,,52826.6,79.7,L  1.9%  H  77.5  80.1,L  -3.0%  H  75.6  82,L  14.1%  H  69.6  84.5,L  51.1%  H  52.5  84.5,L  149.1%  H  30.6  84.5,L  197.4%  H  24.1  84.5,L  102.8%  H  17.7  84.5,L  ;  H  17.7  84.5
59,Vodafone Idea Ltd.,,36266.4,7.5,L  -0.7%  H  7.4  7.7,L  -3.9%  H  7.3  7.9,L  5.7%  H  7.0  8.3,L  26.3%  H  5.7  8.3,L  -15.8%  H  5.7  10.1,L  -28.4%  H  4.6  16.8,L  -86.9%  H  2.4  61.3,L  -94.7%  H  2.4  204
60,Indian Hotels Company Ltd.,,56311.8,396.5,L  3.4%  H  384.4  398.3,L  -0.1%  H  378.5  398.3,L  3.3%  H  377.5  406,L  27.0%  H  310  406,L  73.1%  H  220.4  406,L  386.4%  H  76.1  406,L  209.5%  H  62.1  406,L  725.9%  H  37.5  406
61,Indian Oil Corporation Ltd.,,128009.0,90.7,L  1.5%  H  89  91.2,L  -1.5%  H  88.7  92.9,L  0.5%  H  88.7  93.7,L  17.9%  H  76.7  93.7,L  25.6%  H  65.2  93.7,L  52.5%  H  47.8  94.3,L  -11.9%  H  47.4  114.5,L  131.7%  H  31  154.3
62,Indraprastha Gas Ltd.,,33267.5,475.3,L  0.1%  H  471.1  478.5,L  -1.1%  H  471.1  497.9,L  -1%  H  455.9  497.9,L  8.9%  H  407  515.7,L  29.3%  H  343.8  515.7,L  7.5%  H  321  602.1,L  96.1%  H  215.2  602.1,L  788.2%  H  47.0  602.1
63,IndusInd Bank Ltd.,,103525.3,1334.1,L  1.4%  H  1316.3  1347.0,L  3.7%  H  1262  1347.0,L  5.2%  H  1251.5  1347.0,L  28.8%  H  1008.0  1347.0,L  63.4%  H  783  1347.0,L  170.8%  H  472  1347.0,L  -32.2%  H  235.6  2038,L  185.4%  H  235.6  2038
64,Info Edge (India) Ltd.,,57250.5,4431.7,L  0.9%  H  4404.6  4504.3,L  -1.0%  H  4270.2  4504.3,L  5.6%  H  4033  4505,L  24.0%  H  3555.1  4505,L  13.3%  H  3308.2  4624.9,L  60.8%  H  2725  7465.4,L  286.1%  H  1126.2  7465.4,L  1400.7%  H  276.4  7465.4
65,InterGlobe Aviation Ltd.,,101055.8,2621.1,L  3.6%  H  2532.6  2635.2,L  6.1%  H  2444.9  2635.2,L  12.8%  H  2315.4  2635.2,L  43.6%  H  1810.8  2635.2,L  60.0%  H  1587.6  2635.2,L  154.8%  H  875.3  2635.2,L  138.2%  H  691  2635.2,L  ;  H  691  2635.2
66,JSW Energy Ltd.,,44694.1,271.8,L  0.3%  H  268.6  274.4,L  -0.9%  H  256.4  285,L  6.2%  H  249  285,L  22.2%  H  223  285,L  23.8%  H  198  369,L  457.4%  H  43  408,L  323.0%  H  34.8  408,L  524.7%  H  33.7  408
67,JSW Steel Ltd.,,189365.0,783.4,L  2.7%  H  762  791.5,L  3.3%  H  737.2  791.5,L  11.6%  H  691  791.5,L  18.7%  H  658.6  791.5,L  35.4%  H  541  791.5,L  306.6%  H  185.7  791.5,L  143.0%  H  132.5  791.5,L  1090.0%  H  46.2  791.5
68,Jindal Steel & Power Ltd.,,58767.3,576.1,L  -1.0%  H  575  588,L  -1.3%  H  563.1  588,L  10.7%  H  508.0  604.5,L  7.2%  H  503  604.5,L  73.0%  H  320  622.8,L  276.0%  H  148.8  622.8,L  174.5%  H  62  622.8,L  164.9%  H  48.1  622.8
69,Jubilant Foodworks Ltd.,,32662.3,495.0,L  0.2%  H  487.3  501.2,L  0.0%  H  477.2  509.8,L  2.4%  H  474.7  509.8,L  14.9%  H  420.3  509.8,L  -7.6%  H  412.1  652.4,L  39.8%  H  319.2  918,L  81.4%  H  195.4  918,L  373.6%  H  76.1  918
70,Kotak Mahindra Bank Ltd.,,365646.4,1840.6,L  -0.2%  H  1829.4  1848.1,L  -0.3%  H  1819.9  1848.1,L  -5.4%  H  1815.3  2064.4,L  8.3%  H  1695  2064.4,L  10.3%  H  1631  2064.4,L  37.3%  H  1230.6  2253,L  37.4%  H  1001  2253,L  409.7%  H  294  2253
71,L&T Finance Holdings Ltd.,,30652.4,123.6,L  0.4%  H  121.3  124,L  0.0%  H  115.0  124.2,L  20.6%  H  102.4  126.9,L  55.2%  H  79.3  126.9,L  76.1%  H  66.3  126.9,L  79.7%  H  55.6  126.9,L  -16.7%  H  45.9  189.5,L  57.1%  H  45.9  213.9
72,LIC Housing Finance Ltd.,,21614.7,393.0,L  -0.5%  H  391.8  398.0,L  -3.1%  H  386  420.4,L  4.1%  H  362.8  420.4,L  23.3%  H  316.4  420.4,L  19.2%  H  315.1  443.6,L  45.1%  H  255  542.5,L  -16.4%  H  185.3  587,L  54.2%  H  152.8  794
73,Lupin Ltd.,,40483.9,889.6,L  0.9%  H  873.1  894,L  1.7%  H  835  894,L  14.1%  H  780  894,L  38.1%  H  628  894,L  40.4%  H  603  894,L  -4.0%  H  583  1267.7,L  -0.9%  H  504.8  1267.7,L  13.8%  H  504.8  2129
74,MRF Ltd.,,42575.2,100387.2,L  0.8%  H  99600  100699.9,L  0.0%  H  98880.1  100900,L  2.6%  H  96067.6  100950,L  21.9%  H  81786.5  100950,L  38.9%  H  70300  100950,L  51.1%  H  55300  100950,L  37.6%  H  49915.1  100950,L  676.6%  H  12050  100950
75,Mahindra & Mahindra Financ...,,40333.9,326.5,L  2.9%  H  316.9  330.2,L  0.2%  H  301.2  330.2,L  16.6%  H  278.7  330.2,L  47.5%  H  221.7  330.2,L  81.1%  H  171.1  330.2,L  84.5%  H  112.7  330.2,L  -28.5%  H  112.7  526.9,L  25.0%  H  112.7  534
76,Mahindra & Mahindra Ltd.,,173472.3,1395.0,L  -0.5%  H  1390.2  1413.8,L  1.5%  H  1368.5  1417,L  8.8%  H  1298  1422.8,L  23.6%  H  1132  1422.8,L  25.5%  H  1064  1422.8,L  178.2%  H  493.1  1422.8,L  53.7%  H  245.4  1422.8,L  187.5%  H  245.4  1422.8
77,Marico Ltd.,,67633.2,523.0,L  -1.1%  H  521.1  530.5,L  -0.8%  H  520.4  532.5,L  -3.9%  H  520.4  558.8,L  9.1%  H  462.7  558.8,L  7.0%  H  462.7  558.8,L  51.9%  H  333  607.7,L  57.2%  H  234  607.7,L  403.8%  H  98.1  607.7
78,Maruti Suzuki India Ltd.,,288204.1,9540.7,L  0.8%  H  9432.6  9575,L  1.1%  H  9300  9575,L  1.5%  H  9222  9800,L  16.2%  H  8187.5  9800,L  12.4%  H  8076.1  9800,L  65.8%  H  5650  9800,L  8.8%  H  4001.1  9929,L  520.4%  H  1215  9996.4
79,Max Financial Services Ltd.,,27505.6,797.0,L  2.7%  H  782.7  809.5,L  7.9%  H  732  809.5,L  16.0%  H  668.3  809.5,L  30.9%  H  599.1  809.5,L  -2.3%  H  599.1  885,L  54.6%  H  496.3  1148.1,L  87.7%  H  276.4  1148.1,L  298.5%  H  150.2  1148.1
80,MphasiS Ltd.,,34831.4,1848.8,L  0.5%  H  1834  1854,L  -1.5%  H  1807.6  1870.0,L  -6.4%  H  1807.6  2040,L  10.8%  H  1660.1  2040,L  -22.0%  H  1660.1  2444.9,L  107.0%  H  855  3659.8,L  74.7%  H  630  3659.8,L  397.1%  H  331.1  3659.8
81,Muthoot Finance Ltd.,,50080.8,1247.5,L  0.8%  H  1232.3  1251.9,L  1.3%  H  1195.1  1251.9,L  12.5%  H  1104  1251.9,L  29.1%  H  960  1251.9,L  25.6%  H  911.3  1251.9,L  14.4%  H  911.3  1722.0,L  233.3%  H  356  1722.0,L  1111.2%  H  72.6  1722.0
82,NTPC Ltd.,,183364.0,189.1,L  1.6%  H  185.3  190.6,L  0.9%  H  183.4  190.6,L  8.4%  H  171.9  190.6,L  9.9%  H  166.8  190.6,L  36.4%  H  136.1  190.6,L  94.9%  H  78.1  190.6,L  45.1%  H  73.2  190.6,L  57.9%  H  73.2  190.6
83,Oberoi Realty Ltd.,,35638.5,980.2,L  -0.4%  H  975  992,L  -3.3%  H  975  1019.0,L  5.1%  H  917  1043.1,L  19.8%  H  820.6  1043.1,L  31.1%  H  726.6  1089.0,L  161.1%  H  330.9  1089.0,L  113.3%  H  290  1089.0,L  395.4%  H  153.2  1089.0
84,Oil And Natural Gas Corpor...,,203470.9,158.6,L  0.4%  H  156.6  160.2,L  -1.0%  H  155.4  161.0,L  -3.2%  H  150.1  161.7,L  7.7%  H  146.5  169,L  6.2%  H  119.9  169,L  88.4%  H  64.1  195.0,L  3.3%  H  50  195.0,L  -28.2%  H  50  314.6
85,Oil India Ltd.,,26329.4,242.8,L  -0.7%  H  241.1  245.5,L  -3.3%  H  240.8  251.9,L  -6.8%  H  240.8  262.8,L  -5.7%  H  240.8  274.1,L  -2.7%  H  167.9  274.1,L  157.1%  H  83.5  306,L  20.6%  H  63.5  306,L  -15.5%  H  63.5  335.0
86,PI Industries Ltd.,,58822.6,3877.1,L  1.0%  H  3831.1  3908.9,L  -2.4%  H  3792.8  3998.9,L  11.5%  H  3454  4011.2,L  33.5%  H  2885.5  4011.2,L  47.6%  H  2512.0  4011.2,L  150.0%  H  1500  4011.2,L  410.5%  H  675.6  4011.2,L  2907.8%  H  121  4011.2
87,Page Industries Ltd.,,41798.0,37473.9,L  -1.2%  H  37361.9  38237.3,L  -2.1%  H  37333.6  38400.0,L  -0.1%  H  37333.6  39655,L  -1.1%  H  34952.7  43570,L  -6.4%  H  34952.7  54349.1,L  86.2%  H  17685  54349.1,L  38.1%  H  16254  54349.1,L  814.8%  H  3850  54349.1
88,Petronet LNG Ltd.,,33097.5,220.7,L  0.3%  H  219.4  221.5,L  -2.3%  H  216.7  226.5,L  -1.9%  H  216.7  231,L  -1.4%  H  216.7  242.4,L  2.3%  H  195.7  242.4,L  -16.8%  H  190.3  280.8,L  6.9%  H  170.4  299,L  253.6%  H  51.3  299
89,Pidilite Industries Ltd.,,132101.2,2598.7,L  -0.9%  H  2590  2634.4,L  -2.7%  H  2590  2688.5,L  0.5%  H  2570  2735,L  11.2%  H  2296.3  2735,L  22.8%  H  2079  2919.0,L  87.2%  H  1307.0  2919.0,L  152.7%  H  895  2919.0,L  872.5%  H  219.4  2919.0
90,Power Finance Corporation ...,,57501.0,217.8,L  4.8%  H  208  219.3,L  4.3%  H  198.1  219.3,L  27.8%  H  172.2  219.3,L  48.5%  H  145.7  219.3,L  109.5%  H  100.9  219.3,L  141.7%  H  78.9  219.3,L  195.1%  H  67.5  219.3,L  202.3%  H  48.7  219.3
91,Power Grid Corporation of ...,,174491.0,250.2,L  0.2%  H  246.5  252.5,L  -3.1%  H  246.5  258,L  5.4%  H  230  259.1,L  12.6%  H  220.6  259.1,L  19.0%  H  186.4  259.1,L  86.1%  H  116.0  259.1,L  80.5%  H  91.6  259.1,L  199.7%  H  64.9  259.1
92,Prestige Estates Projects ...,,23161.8,577.8,L  -1.3%  H  573.6  585.7,L  0.4%  H  557  589.4,L  20.2%  H  471.3  602.3,L  44.7%  H  397.0  602.3,L  43.8%  H  381.1  602.3,L  158.0%  H  167  602.3,L  114.8%  H  133.7  602.3,L  277.6%  H  105.7  602.3
93,Procter & Gamble Hygiene &...,,47057.6,14496.8,L  0.8%  H  14255.3  14505,L  4.0%  H  13880.1  14580,L  7.9%  H  13440  14580,L  6.1%  H  13140.1  14580,L  10.0%  H  13082  15500,L  42.6%  H  9691.4  16448.7,L  47.6%  H  8400  16448.7,L  421.1%  H  2355  16448.7
94,Punjab National Bank,,55495.5,50.4,L  -0.9%  H  50.3  51.1,L  -4.6%  H  49.7  53.2,L  0.1%  H  49.7  53.3,L  12.3%  H  44.6  53.9,L  69.4%  H  28.8  62,L  37.7%  H  26.3  62,L  -30.8%  H  26.3  99.9,L  -61.3%  H  26.3  231.5
95,Reliance Industries Ltd.,,1711422.7,2529.5,L  1.3%  H  2497.9  2537.9,L  -1.4%  H  2486.7  2573.3,L  0.9%  H  2451  2584,L  12.5%  H  2211.1  2584,L  0.1%  H  2180  2755,L  45.2%  H  1695.6  2856.2,L  167.7%  H  875.7  2856.2,L  486.5%  H  382.0  2856.2
96,REC Ltd.,,43909.0,166.8,L  3.6%  H  161.2  168,L  1.8%  H  155.2  168,L  25.0%  H  134  168.9,L  46.1%  H  113.8  168.9,L  85.0%  H  88.9  168.9,L  97.4%  H  68.9  168.9,L  123.0%  H  59.1  168.9,L  121.5%  H  54.8  168.9
97,SRF Ltd.,,68417.8,2308.1,L  0.0%  H  2299  2332,L  -3.4%  H  2299  2415,L  -8.2%  H  2299  2577.0,L  -3.0%  H  2299  2636,L  0.4%  H  2002.2  2865,L  220.4%  H  715.0  2865,L  602.8%  H  306.0  2865,L  7881.0%  H  25.2  2865
98,Shree Cements Ltd.,,86786.4,24053.4,L  0.2%  H  23827.7  24300.0,L  -6.3%  H  22605.6  25975,L  -3.7%  H  22605.6  26580,L  -4.5%  H  22605.6  26599.9,L  25.0%  H  18870  27049,L  6.8%  H  17865.2  32048,L  55.2%  H  13100  32048,L  415.4%  H  3400.1  32048
99,Shriram Finance Ltd.,,63759.7,1701.0,L  0.3%  H  1689.2  1718.4,L  -1.9%  H  1641.9  1765,L  22.9%  H  1383.6  1793.6,L  38.8%  H  1221.5  1793.6,L  36.0%  H  1146  1793.6,L  141.3%  H  555.6  1793.6,L  30.5%  H  440  1793.6,L  140.1%  H  440  1793.6
100,Siemens Ltd.,,134070.4,3764.8,L  1.6%  H  3682.3  3781.6,L  -1.0%  H  3640.1  3810,L  7.0%  H  3491  3859.9,L  15.0%  H  3240  3938.4,L  58.1%  H  2340.4  3938.4,L  237.2%  H  1082.5  3938.4,L  294.1%  H  850.3  3938.4,L  582.4%  H  414  3938.4
101,State Bank of India,,508524.4,569.8,L  0.7%  H  568.6  574,L  0.6%  H  553.8  574,L  -2.8%  H  553.8  596.4,L  12.1%  H  506.3  596.4,L  22.7%  H  458  629.6,L  208.7%  H  175.5  629.6,L  121.7%  H  149.5  629.6,L  191.6%  H  145.3  629.6
102,Steel Authority of India (...,,35192.1,85.2,L  0.2%  H  85.1  86.1,L  -0.8%  H  83.4  86.1,L  3.8%  H  81.8  87.1,L  5.5%  H  77.6  87.1,L  19.8%  H  67.5  93.9,L  179.3%  H  29.2  151.3,L  5.1%  H  20.2  151.3,L  67.9%  H  20.2  151.3
103,Sun Pharmaceutical Industr...,,245164.1,1021.8,L  2%  H  995  1025.6,L  3.0%  H  977.3  1025.6,L  5.4%  H  946.4  1025.6,L  3.8%  H  922.5  1025.6,L  23.3%  H  821.9  1072.2,L  112.9%  H  452.3  1072.2,L  80.1%  H  312  1072.2,L  102.0%  H  312  1200.8
104,Sun TV Network Ltd.,,17146.6,435.1,L  -0.6%  H  432.5  439.6,L  -1.7%  H  423  447.6,L  -2.3%  H  423  467.4,L  9.3%  H  396.7  467.4,L  4.0%  H  393.8  568.5,L  3.3%  H  372  612,L  -44.1%  H  259.6  836,L  14.6%  H  255.8  1097.8
105,Syngene International Ltd.,,30537.1,759.6,L  4.2%  H  724.1  783.1,L  1.9%  H  717.1  783.1,L  5.8%  H  708.4  783.1,L  31.6%  H  573.6  783.1,L  33.8%  H  535.1  783.1,L  86.7%  H  398  783.1,L  157.8%  H  212.6  783.1,L  ;  H  147.5  783.1
106,TVS Motor Company Ltd.,,63189.0,1330.1,L  2.0%  H  1297.1  1338.9,L  -1.5%  H  1289  1349.0,L  2.9%  H  1270  1384.8,L  28.6%  H  1030  1384.8,L  62.2%  H  808.6  1384.8,L  248.5%  H  374  1384.8,L  138.5%  H  240.1  1384.8,L  3948.9%  H  28.1  1384.8
107,Tata Consultancy Services ...,,1176549.7,3215.5,L  0.6%  H  3193.4  3231.0,L  -1.3%  H  3173  3267.7,L  -3.4%  H  3156  3372,L  3.2%  H  3070.3  3372,L  -3.1%  H  2926.1  3575,L  51.8%  H  2075.1  4043,L  74.5%  H  1506.1  4043,L  323.6%  H  732.5  4043
108,Tata Consumer Products Ltd.,,79425.8,855.0,L  0.1%  H  851  860,L  -0.6%  H  831.7  868.1,L  8.3%  H  784.5  877.2,L  22.8%  H  694.8  877.2,L  16.0%  H  686.6  877.2,L  121.7%  H  380.5  889,L  223.9%  H  177.1  889,L  536.1%  H  100  889
109,Tata Motors Ltd.,,194855.2,586.7,L  2.4%  H  575.5  590,L  0.9%  H  557.7  590,L  13.2%  H  516.4  590,L  46.1%  H  401.6  590,L  40.7%  H  375.2  590,L  478.6%  H  97.3  590,L  122.8%  H  63.5  590,L  108.5%  H  63.5  612.4
110,Tata Power Company Ltd.,,69674.4,218.1,L  -0.6%  H  217.6  221.0,L  -2.8%  H  215.7  225.2,L  2.8%  H  211.7  226.4,L  18.5%  H  183.3  226.4,L  4.5%  H  182.4  251.2,L  370.4%  H  44.1  298.1,L  204.3%  H  27  298.1,L  152.7%  H  27  298.1
111,Tata Steel Ltd.,,136331.2,111.6,L  0.7%  H  110.9  112.1,L  -2.1%  H  108.1  112.2,L  4.8%  H  105.6  115.6,L  8.8%  H  101.7  115.6,L  26.9%  H  83.8  124.3,L  244.5%  H  31.2  153.5,L  103.4%  H  25.1  153.5,L  307.4%  H  19.5  153.5
112,Tech Mahindra Ltd.,,108006.5,1108.1,L  -1.0%  H  1104.7  1127.0,L  -1.1%  H  1094.1  1127.0,L  -0.6%  H  1060.1  1139.2,L  3.5%  H  981.1  1139.2,L  8.6%  H  965.1  1165,L  97.6%  H  536.1  1838,L  66.8%  H  471.4  1838,L  318.2%  H  241.3  1838
113,The Ramco Cements Ltd.,,22061.4,933.7,L  0.5%  H  931.0  942.1,L  -1.7%  H  908.3  949,L  6.7%  H  872.2  951.7,L  26.4%  H  716.1  951.7,L  48.7%  H  613.8  951.7,L  45.2%  H  575.7  1132.7,L  35.8%  H  455  1132.7,L  309.6%  H  135.2  1132.7
114,Titan Company Ltd.,,268830.5,3028.1,L  1.8%  H  2985.1  3044.4,L  1.9%  H  2932  3044.4,L  10.4%  H  2745  3044.4,L  21.1%  H  2494  3044.4,L  53.9%  H  1825.1  3044.4,L  213.4%  H  935  3044.4,L  262.1%  H  720.9  3044.4,L  1254.9%  H  202.5  3044.4
115,Torrent Pharmaceuticals Ltd.,,66120.4,1953.7,L  4.0%  H  1871.7  1984.3,L  4.9%  H  1795  1984.3,L  14.9%  H  1689.7  1984.3,L  26.5%  H  1523.1  1984.3,L  35.5%  H  1407.8  1984.3,L  58.1%  H  1115.9  1984.3,L  179.6%  H  695.3  1984.3,L  850.4%  H  192.5  1984.3
116,Torrent Power Ltd.,,29767.0,619.4,L  -1.3%  H  615.5  634,L  -6.3%  H  615.5  673,L  12.1%  H  546  748.9,L  21.1%  H  506.5  748.9,L  30.3%  H  430.9  748.9,L  90.3%  H  293  748.9,L  171.3%  H  211.5  748.9,L  469.0%  H  66.6  748.9
117,UPL Ltd.,,51067.6,680.4,L  0.9%  H  674  682,L  -0.8%  H  665.5  686.1,L  -1.1%  H  665.5  698.9,L  -4.8%  H  657.1  760.0,L  3.7%  H  622.0  807,L  54.5%  H  399  864.7,L  68.2%  H  240.2  864.7,L  651.8%  H  80.6  864.7
118,UltraTech Cement Ltd.,,238473.6,8260.7,L  0.6%  H  8182  8318.8,L  0.2%  H  8060  8318.8,L  7.0%  H  7735  8432.2,L  11.6%  H  7300  8432.2,L  48.2%  H  5485  8432.2,L  114.0%  H  3735  8432.2,L  122.0%  H  2910  8432.2,L  340.1%  H  1402.4  8432.2
119,Union Bank of India,,48321.7,70.7,L  0.4%  H  70.5  71.7,L  -0.2%  H  68  71.7,L  1%  H  68  73.5,L  14.8%  H  61.3  78.8,L  102%  H  34  96.4,L  108.9%  H  23.1  96.4,L  -11.4%  H  22.7  100.4,L  -62.1%  H  22.7  259.7
120,United Breweries Ltd.,,39796.9,1505.2,L  0.4%  H  1490.6  1508.7,L  1.2%  H  1473.6  1515,L  3.1%  H  1432.6  1526.0,L  7%  H  1353.5  1526.0,L  3.0%  H  1353.5  1806.5,L  47.9%  H  897  1806.5,L  34.0%  H  749.5  1806.5,L  107.8%  H  615.7  1806.5
121,United Spirits Ltd.,,66421.7,913.2,L  0.4%  H  910.8  921.9,L  1.9%  H  888.4  921.9,L  6.4%  H  851.6  921.9,L  23.5%  H  735.9  921.9,L  18.2%  H  730.6  951.8,L  54.4%  H  494  1020.0,L  38.9%  H  438.2  1020.0,L  110.6%  H  354.7  1020.0
122,Voltas Ltd.,,25236.6,762.7,L  0.2%  H  758.8  766.7,L  -3.1%  H  747.6  789,L  -6.4%  H  747.6  832.0,L  -6.1%  H  747.6  869.9,L  -21.9%  H  737.2  1065.0,L  39.8%  H  529.6  1356.9,L  49.1%  H  427.5  1356.9,L  842.2%  H  62.5  1356.9
123,Wipro Ltd.,,209507.8,381.7,L  -0.2%  H  380.8  383.8,L  -1.0%  H  378.1  386,L  -5.0%  H  377.1  409.8,L  7.2%  H  352  409.8,L  -10.7%  H  352  444.9,L  69.3%  H  218  739.9,L  98.0%  H  159.4  739.9,L  191.6%  H  128.1  739.9
124,Zee Entertainment Enterpri...,,17049.2,177.5,L  -0.8%  H  176.5  179.9,L  -1.6%  H  174.6  185.8,L  -7.0%  H  170.1  202.5,L  -15.0%  H  170.1  219.7,L  -18.3%  H  170.1  287,L  0.7%  H  134.7  378.7,L  -67.1%  H  114  553.6,L  -24.8%  H  114  619
125,Grasim Industries Ltd.,,114771.3,1743.1,L  0.6%  H  1734  1754.7,L  -2.0%  H  1696  1790,L  3.3%  H  1676.1  1799.9,L  8.2%  H  1611.1  1799.9,L  29.8%  H  1305.3  1839.5,L  182.9%  H  565  1929.8,L  73.7%  H  385.1  1929.8,L  215.8%  H  385.1  1929.8
126,Aditya Birla Capital Ltd.,,48272.4,193.5,L  0.6%  H  188.9  194.7,L  7.4%  H  168  194.7,L  17.1%  H  164.4  194.7,L  31.8%  H  146.3  194.7,L  110.3%  H  88  194.7,L  201.2%  H  53  194.7,L  51.3%  H  37.4  194.7,L  ;  H  37.4  255
127,ICICI Lombard General Insu...,,65462.4,1332.7,L  0.3%  H  1314.2  1338.0,L  2.3%  H  1259.6  1338.0,L  21.2%  H  1168.8  1338.0,L  25.1%  H  1055  1338.0,L  19.2%  H  1049.1  1369,L  5.6%  H  1049.1  1675,L  91.2%  H  638.8  1675,L  ;  H  638.7  1675
128,SBI Life Insurance Company...,,130115.5,1299.9,L  1.1%  H  1285  1312.6,L  0.4%  H  1258.2  1312.6,L  8.7%  H  1197.1  1312.6,L  19.1%  H  1083.3  1312.6,L  20.6%  H  1051.6  1340.4,L  65.7%  H  755.3  1340.4,L  95.1%  H  485  1340.4,L  ;  H  485  1340.4
129,Escorts Kubota Ltd.,,24257.1,2195.3,L  -0.2%  H  2185.5  2215.0,L  0.9%  H  2117.2  2239.8,L  5.8%  H  2076.8  2239.8,L  16.4%  H  1831.5  2239.8,L  43.2%  H  1306.7  2358.4,L  115.8%  H  1002.2  2358.4,L  165.8%  H  423.6  2358.4,L  2882.7%  H  64  2358.4
130,Bandhan Bank Ltd.,,37605.4,233.5,L  -1.9%  H  232.3  240.9,L  -3.4%  H  232.3  243.4,L  -10.5%  H  232.3  272,L  24.5%  H  185  272,L  -15.5%  H  182.2  314.8,L  -30.9%  H  182.2  430.7,L  -54.4%  H  152.2  741.8,L  ;  H  152.2  741.8
131,HDFC Life Insurance Compan...,,140148.4,652.0,L  -2.3%  H  641.6  672.0,L  1.5%  H  616.8  674,L  13.0%  H  567.9  674,L  33.1%  H  486.7  674,L  15.2%  H  457.8  674,L  20.3%  H  457.8  775.7,L  41.5%  H  340  775.7,L  ;  H  307  775.7
132,Au Small Finance Bank Ltd.,,49873.1,747.8,L  -0.3%  H  742.6  756.9,L  -0.2%  H  732.1  756.9,L  -3.9%  H  732.1  795,L  32.7%  H  553.7  795,L  20.1%  H  539  795,L  161.4%  H  262.5  795,L  125.6%  H  183  795,L  ;  H  183  795
133,L&T Technology Services Ltd.,,40648.3,3846.8,L  -0.1%  H  3832.8  3898,L  -3.7%  H  3755.3  3999,L  -0.8%  H  3755.3  4033.3,L  16.2%  H  3297.1  4033.3,L  21.8%  H  2924.2  4318.7,L  196.7%  H  1265  5955.5,L  226.9%  H  995  5955.5,L  ;  H  712.3  5955.5
134,Bajaj Holdings & Investmen...,,77781.4,6988.9,L  0.4%  H  6942.4  7084,L  -0.2%  H  6786.0  7084,L  -1.5%  H  6734.1  7489.0,L  15.3%  H  5770  7489.0,L  50.5%  H  4455  7489.0,L  158.4%  H  2212.7  7489.0,L  142.4%  H  1460.2  7489.0,L  768.8%  H  748  7489.0
135,HDFC Asset Management Comp...,,43761.2,2050.0,L  -0.1%  H  2040  2072,L  0.1%  H  1995  2072,L  10.5%  H  1850.1  2127.7,L  21.6%  H  1666.6  2127.7,L  17.1%  H  1589.5  2314.7,L  -17.6%  H  1589.5  3365,L  ;  H  1250  3844,L  ;  H  1250  3844
136,LTIMindtree Ltd.,,150573.1,5088.9,L  -1.4%  H  5063.1  5210,L  1.8%  H  4910.9  5210,L  1.8%  H  4776.1  5210,L  11.7%  H  4132.2  5210,L  20.5%  H  3833.2  5360,L  163.9%  H  1890.2  7588.8,L  210.0%  H  1210  7588.8,L  ;  H  598  7588.8
137,Ipca Laboratories Ltd.,,18926.3,746.0,L  1.4%  H  734.1  748,L  1.2%  H  691.2  748,L  9.0%  H  675.5  761.0,L  -5.8%  H  669.8  854.6,L  -17.3%  H  669.8  1034.3,L  -12.3%  H  669.8  1383.1,L  117.6%  H  300.0  1383.1,L  127.7%  H  200  1383.1
138,Nestle India Ltd.,,219288.8,22744.1,L  0.5%  H  22580  22800,L  -0.6%  H  22453.7  22890.8,L  5.4%  H  21511.1  23175.3,L  20.1%  H  18876.2  23175.3,L  30.7%  H  17234.2  23175.3,L  36.4%  H  15100  23175.3,L  132.7%  H  9047.1  23175.3,L  368.6%  H  4525  23175.3
139,Dalmia Bharat Ltd.,,41612.2,2219.6,L  2.5%  H  2169  2239,L  -1.7%  H  2153  2267.8,L  7.3%  H  2066.6  2288.8,L  20.3%  H  1844.5  2288.8,L  70.4%  H  1267.3  2288.8,L  217.1%  H  652.3  2548.4,L  ;  H  402.7  2548.4,L  ;  H  402.7  2548.4
140,Godrej Properties Ltd.,,44014.8,1583.1,L  1.3%  H  1563.2  1595.3,L  3.5%  H  1478.7  1595.3,L  15.4%  H  1360.5  1595.3,L  56.2%  H  1005  1595.3,L  31.2%  H  1005  1595.3,L  82.3%  H  819.8  2598,L  122.5%  H  460.4  2598,L  494.5%  H  154  2598
141,Fortis Healthcare Ltd.,,23030.0,305.1,L  0.4%  H  303.4  308.0,L  -1.4%  H  298.5  311,L  6.2%  H  271.9  316.1,L  17.7%  H  251  316.1,L  32.4%  H  228.2  325,L  147.3%  H  121  325,L  126.0%  H  111.3  325,L  254.3%  H  84.1  325
142,Whirlpool of India Ltd.,,18522.0,1459.9,L  -0.1%  H  1451.8  1476.5,L  -0.7%  H  1432.1  1485,L  1.6%  H  1404  1493.0,L  10.3%  H  1288  1493.0,L  -5.1%  H  1217.3  1905,L  -28.6%  H  1217.3  2787,L  -2.6%  H  1217.3  2787,L  639.2%  H  124.1  2787
143,Varun Beverages Ltd.,,103093.0,793.6,L  -0.7%  H  789  806.2,L  -3.2%  H  755  820,L  -6.8%  H  755  870.3,L  17.2%  H  667.5  873.5,L  103.5%  H  385.0  873.5,L  423.8%  H  143.6  873.5,L  601.4%  H  98.8  873.5,L  ;  H  50.4  873.5
144,Infosys Ltd.,,536765.1,1293.4,L  1.1%  H  1281.4  1296.7,L  -0.5%  H  1262.3  1296.7,L  -1.8%  H  1262.3  1332.7,L  -6.1%  H  1185.3  1435,L  -12.6%  H  1185.3  1672.6,L  72.9%  H  724.3  1953.9,L  100.6%  H  509.3  1953.9,L  314.1%  H  299.1  1953.9
145,Adani Transmission Ltd.,,91375.6,819.2,L  5.9%  H  768.7  824.0,L  1.5%  H  738  824.0,L  -3.6%  H  738  868,L  -19.3%  H  714.1  1099,L  -62.1%  H  631.5  4236.8,L  195.9%  H  221.5  4236.8,L  459.0%  H  141  4236.8,L  ;  H  25  4236.8
146,Gujarat Gas Ltd.,,32175.4,467.4,L  -0.2%  H  464.9  469.8,L  -1.1%  H  459.3  476.6,L  -6.2%  H  459.3  508.4,L  -0.6%  H  451.8  508.4,L  7.3%  H  415.1  539.1,L  52.3%  H  281  786,L  207.7%  H  115  786,L  1122.3%  H  31.7  786
147,Trent Ltd.,,62896.4,1769.3,L  1.5%  H  1749.5  1773.2,L  4.0%  H  1694.7  1773.2,L  15.6%  H  1523.1  1773.2,L  37.0%  H  1288  1773.2,L  65.6%  H  1042.7  1773.2,L  157.4%  H  540.6  1773.2,L  489.5%  H  294.8  1773.2,L  1680.3%  H  88.9  1773.2
148,Coforge Ltd.,,28525.5,4668.9,L  -0.6%  H  4649  4737.6,L  1.4%  H  4445.0  4737.6,L  4.7%  H  4336.4  4737.6,L  29.8%  H  3564.8  4737.6,L  25%  H  3210.1  4737.6,L  219.4%  H  1375  6135,L  340.2%  H  735.4  6135,L  1620.3%  H  235  6135
149,Polycab India Ltd.,,54157.4,3614.1,L  4%  H  3506.4  3636.7,L  5.7%  H  3415.3  3636.7,L  6.0%  H  3379.1  3636.7,L  29.2%  H  2783.5  3636.7,L  61.5%  H  2104  3636.7,L  362.1%  H  762.4  3636.7,L  ;  H  525.2  3636.7,L  ;  H  525.2  3636.7
150,Indian Railway Catering & ...,,50304.0,628.8,L  -0.3%  H  626.6  634.5,L  -5.1%  H  621.7  666.7,L  0.7%  H  621.7  675,L  12.3%  H  557.1  675,L  1.4%  H  557  774.9,L  127.5%  H  258.0  1279.3,L  ;  H  125  1279.3,L  ;  H  125  1279.3
151,Dr. Lal Pathlabs Ltd.,,18399.6,2206.0,L  -0.6%  H  2195.2  2248.9,L  -1.2%  H  2075.6  2253.2,L  8.9%  H  1916.1  2253.2,L  21.9%  H  1791.1  2253.2,L  1.6%  H  1762.1  2750,L  41.5%  H  1543  4245.5,L  136.2%  H  813.5  4245.5,L  ;  H  696.5  4245.5
152,Adani Total Gas Ltd.,,71982.6,654.5,L  2.0%  H  643  658.9,L  -0.2%  H  620.1  666,L  -14.0%  H  620.1  766.5,L  -28.1%  H  620.1  994,L  -72.7%  H  620.1  4000,L  294.6%  H  143.1  4000,L  ;  H  72  4000,L  ;  H  72  4000
153,SBI Cards and Payment Serv...,,81069.9,856.7,L  -0.5%  H  851.8  874.7,L  -3.3%  H  834.4  887.9,L  -5.0%  H  834.4  933,L  20.5%  H  711.3  933,L  10.4%  H  695.6  1028.7,L  31.4%  H  626.4  1165,L  ;  H  495  1165,L  ;  H  495  1165
154,Tata Chemicals Ltd.,,25380.1,996.3,L  -1.0%  H  993.1  1015.7,L  -0.1%  H  970.1  1020,L  2.7%  H  953.5  1020,L  4.5%  H  921.7  1029.9,L  22.3%  H  773.4  1214.9,L  216.1%  H  273.5  1214.9,L  44.5%  H  197  1214.9,L  253.8%  H  197  1214.9
155,Navin Fluorine Internation...,,22241.3,4486.7,L  1.4%  H  4403.8  4498.1,L  -3.9%  H  4403.8  4699,L  -2.9%  H  4366  4745.0,L  7.5%  H  4130.2  4950,L  21.3%  H  3558.0  4950,L  180.5%  H  1555.4  4950,L  602.5%  H  570  4950,L  13851.2%  H  25.9  4950
156,Adani Enterprises Ltd.,,273828.3,2402.0,L  5.2%  H  2293.9  2418.6,L  -0.2%  H  2163.3  2450.0,L  -5.6%  H  2163.3  2583.5,L  50.1%  H  1591.1  2759.5,L  9.0%  H  1017.5  4190,L  1381.3%  H  145.2  4190,L  2096.6%  H  100.9  4190,L  1065.7%  H  58.2  4190
157,Adani Green Energy Ltd.,,151536.5,956.7,L  -0.3%  H  897.7  963.5,L  -2.1%  H  897.7  982.8,L  -0.7%  H  897.7  1011,L  2.2%  H  795.6  1038.2,L  -49.9%  H  439.1  2572,L  140.6%  H  305.6  3050,L  3572.4%  H  22.8  3050,L  ;  H  22.8  3050
158,YES Bank Ltd.,,46584.2,16.2,L  0.9%  H  16.0  16.4,L  ;  H  15.9  16.4,L  3.9%  H  15.6  17.2,L  9.8%  H  14.8  17.3,L  26.1%  H  12.6  24.8,L  -39.4%  H  10.5  28.4,L  -95.1%  H  5.7  404,L  -82.4%  H  5.7  404
159,Vedanta Ltd.,,104063.0,280.0,L  0.1%  H  279  281.6,L  -0.5%  H  274.3  282.9,L  -6.0%  H  274.3  301.0,L  2.1%  H  266  301.0,L  19.2%  H  206  340.8,L  154.6%  H  91.2  440.8,L  21.7%  H  60.2  440.8,L  96.0%  H  58.2  440.8
160,Tata Elxsi Ltd.,,47243.8,7586.2,L  0.5%  H  7552  7678.1,L  -2.6%  H  7450.1  7770,L  1.6%  H  7360.7  7947,L  28.0%  H  5900.1  7947,L  -5.6%  H  5709.1  10760,L  742.0%  H  876  10760,L  490.4%  H  500.0  10760,L  8271.4%  H  78.3  10760
161,Hindustan Aeronautics Ltd.,,124455.7,3721.9,L  1.7%  H  3666  3745,L  -2.6%  H  3580.1  3860,L  23.2%  H  2998.1  3950,L  41.6%  H  2617.9  3950,L  106.8%  H  1720.1  3950,L  388.6%  H  658  3950,L  341.0%  H  470  3950,L  ;  H  470  3950
162,Dixon Technologies (India)...,,25979.9,4362.0,L  -0.7%  H  4349.9  4427,L  -4.9%  H  4298  4628.6,L  19.1%  H  3652.4  4730,L  54.5%  H  2760.1  4730,L  19.0%  H  2553  4730,L  291.0%  H  1080  6243.6,L  657.8%  H  312  6243.6,L  ;  H  312  6243.6
163,Laurus Labs Ltd.,,19558.4,363.1,L  -1.0%  H  361.3  369.8,L  -0.5%  H  349.1  371.2,L  8.4%  H  325.3  375.0,L  25.3%  H  278.9  375.0,L  -22.5%  H  278.9  605.5,L  235.2%  H  101.0  723.8,L  301.7%  H  59  723.8,L  ;  H  59  723.8
164,Deepak Nitrite Ltd.,,29695.5,2177.2,L  -1.0%  H  2172.5  2215.9,L  -3.7%  H  2172.5  2282.1,L  5.0%  H  2002.1  2282.1,L  21.1%  H  1783.7  2282.1,L  21.2%  H  1681.2  2356.6,L  331.9%  H  473.7  3020,L  803.0%  H  205.1  3020,L  7675.7%  H  21.7  3020
165,Larsen & Toubro Ltd.,,340352.4,2421.5,L  1.4%  H  2390.1  2432.9,L  1.1%  H  2368.0  2432.9,L  9.2%  H  2200  2432.9,L  13.5%  H  2121  2432.9,L  56.1%  H  1525.4  2432.9,L  151.7%  H  843  2432.9,L  96.1%  H  661  2432.9,L  287.0%  H  451.4  2432.9
166,Gland Pharma Ltd.,,17543.1,1065.2,L  5.0%  H  1017  1085.8,L  5.8%  H  971  1085.8,L  14.6%  H  896.5  1085.8,L  -15.1%  H  861  1477.9,L  -59.9%  H  861  2718,L  ;  H  861  4350,L  ;  H  861  4350,L  ;  H  861  4350
167,Indian Bank,,34666.9,278.4,L  -0.1%  H  276.4  281.0,L  -1.2%  H  275.6  283.6,L  0.4%  H  268  286.7,L  -0.7%  H  268  335,L  81.9%  H  146.4  335,L  318.9%  H  53.1  335,L  -19.8%  H  41.6  379.7,L  142.1%  H  41.6  427.4
168,Tata Communications Ltd.,,45108.4,1582.8,L  1.1%  H  1560.4  1592,L  -1.9%  H  1529.1  1623.6,L  24.6%  H  1265  1674,L  30.2%  H  1172  1674,L  71.0%  H  905.1  1674,L  168.5%  H  575.2  1674,L  170.6%  H  200  1674,L  907.2%  H  137.2  1674
169,Astral Ltd.,,53225.4,1981.5,L  1.4%  H  1960  1986.2,L  -0.2%  H  1927.4  1995.0,L  11.6%  H  1771.0  2024.1,L  52.3%  H  1301.3  2024.1,L  61.8%  H  1203.9  2024.1,L  265.7%  H  511.3  2024.1,L  342.4%  H  367.2  2024.1,L  3859.8%  H  40.5  2024.1
170,Sona BLW Precision Forging...,,30143.0,514.9,L  -1.0%  H  513.2  529.9,L  0.4%  H  505.3  529.9,L  -4.5%  H  503  573.5,L  27.4%  H  405  574,L  -9.4%  H  398.1  607,L  ;  H  295  839.9,L  ;  H  295  839.9,L  ;  H  295  839.9
171,PB Fintech Ltd.,,31197.6,693.1,L  -3.3%  H  688.6  721.8,L  4.5%  H  648.9  731.9,L  14.6%  H  588.1  731.9,L  16.6%  H  566.3  731.9,L  16.8%  H  356.2  731.9,L  ;  H  356.2  1470,L  ;  H  356.2  1470,L  ;  H  356.2  1470
172,FSN E-Commerce Ventures Ltd.,,42193.6,147.9,L  -0.1%  H  147  149.8,L  -1.7%  H  146.9  153.3,L  17.1%  H  124.3  153.3,L  15.8%  H  114.3  153.3,L  -38.4%  H  114.3  247.8,L  ;  H  114.3  429.0,L  ;  H  114.3  429.0,L  ;  H  114.3  429.0
173,Oracle Financial Services ...,,33171.7,3835.3,L  0.8%  H  3782.3  3850,L  -1.9%  H  3746.1  3911.0,L  6.6%  H  3519.3  3973.0,L  19.4%  H  3203.3  3973.0,L  22.4%  H  2883.3  3973.0,L  40.1%  H  2706.7  5145,L  -7.8%  H  1506  5145,L  42.1%  H  1506  5145
174,Trident Ltd.,,17020.5,33.4,L  -1.2%  H  33.3  34.1,L  ;  H  32.6  35.4,L  3.4%  H  32.0  35.4,L  29.7%  H  25.6  36.9,L  -13.3%  H  25.1  43.8,L  394.8%  H  5.9  70.4,L  507.3%  H  3.1  70.4,L  4294.7%  H  0.6  70.4
175,ABB India Ltd.,,93474.9,4411.1,L  2.7%  H  4301  4444,L  1.0%  H  4216.3  4444,L  10.2%  H  3936.8  4444,L  32.1%  H  3141.2  4444,L  93.1%  H  2230  4444,L  382.4%  H  846.6  4444,L  281.0%  H  722  4444,L  620.4%  H  430  4444
176,Abbott India Ltd.,,49303.3,23202.3,L  2.2%  H  22710  23498,L  2.3%  H  22444  23498,L  5.9%  H  21450.1  23498,L  7.4%  H  20605.1  23498,L  27.9%  H  17325  23498,L  45.4%  H  13959.8  23934.5,L  217.6%  H  6900  23934.5,L  1489.6%  H  1303.1  23934.5
177,Zomato Ltd.,,64258.1,74.9,L  -1.6%  H  74.6  77,L  -0.3%  H  72.6  77,L  11.4%  H  66.3  80.3,L  49.1%  H  49.6  80.3,L  24.2%  H  40.6  80.3,L  ;  H  40.6  169,L  ;  H  40.6  169,L  ;  H  40.6  169
178,One97 Communications Ltd.,,53879.8,849.6,L  -0.3%  H  843.4  862.5,L  -2.7%  H  833.3  885.3,L  20.3%  H  692.9  915.0,L  37.6%  H  611.2  915.0,L  20.2%  H  438.4  915.0,L  ;  H  438.4  1955,L  ;  H  438.4  1955,L  ;  H  438.4  1955
179,Max Healthcare Institute Ltd.,,58605.6,603.3,L  -1.0%  H  598.3  623.5,L  4.1%  H  565.3  623.5,L  11.7%  H  508.8  630,L  34.1%  H  411.9  630,L  62.8%  H  353.6  630,L  ;  H  97.2  630,L  ;  H  97.2  630,L  ;  H  97.2  630
180,Persistent Systems Ltd.,,37264.1,4875.9,L  -0.3%  H  4860  4928.4,L  -1.3%  H  4771  4937.0,L  -4.2%  H  4771  5279.0,L  10.2%  H  3962.1  5279.0,L  38.4%  H  3092.1  5279.0,L  677.3%  H  622.5  5279.0,L  522.9%  H  420.1  5279.0,L  1843.4%  H  237.7  5279.0
181,Honeywell Automation India...,,36934.9,41774.5,L  0.6%  H  40251  41900,L  -2.1%  H  40251  42690.2,L  4.4%  H  39650  42825,L  17.1%  H  34649.2  42825,L  21.1%  H  32600  44347.2,L  34.3%  H  26820  49990,L  129.0%  H  18000  49990,L  1519.3%  H  2230  49990
182,Delhivery Ltd.,,28286.5,386.9,L  1.4%  H  379.9  392.3,L  -0.5%  H  364.5  416.3,L  4.1%  H  345.2  416.3,L  22.0%  H  314.1  416.3,L  -22.9%  H  291  708,L  ;  H  291  708,L  ;  H  291  708,L  ;  H  291  708
183,Life Insurance Corporation...,,392149.9,620.0,L  0.5%  H  615  622.8,L  -2.5%  H  611.8  654,L  2.6%  H  593  654,L  15.5%  H  530.1  654,L  -6.5%  H  530.1  754.3,L  ;  H  530.1  919.0,L  ;  H  530.1  919.0,L  ;  H  530.1  919.0
184,Motherson Sumi Wiring Indi...,,25023.5,56.6,L  0.1%  H  56.5  57.2,L  -1.4%  H  55.4  58,L  0.6%  H  55.4  59.4,L  20.9%  H  46  59.4,L  15.1%  H  45.2  71.2,L  ;  H  40  71.2,L  ;  H  40  71.2,L  ;  H  40  71.2
185,Patanjali Foods Ltd.,,43061.1,1189.6,L  0.1%  H  1171.2  1193.7,L  0.9%  H  1145  1199,L  15.8%  H  1002.1  1201,L  34.9%  H  876.1  1201,L  8.7%  H  853.5  1495,L  -21.7%  H  403.8  1519,L  10965.6%  H  3.4  1519.7,L  1850.1%  H  3.4  1519.7
186,Adani Wilmar Ltd.,,53813.2,414.1,L  1.8%  H  407.3  416.5,L  -1.1%  H  394  422.5,L  -8.1%  H  394  457.7,L  12.5%  H  357.4  509,L  -30.1%  H  327.3  841.7,L  ;  H  227  878,L  ;  H  227  878,L  ;  H  227  878
187,Poonawalla Fincorp Ltd.,,26493.1,344.9,L  1.1%  H  342.1  347,L  -1.4%  H  332.1  352.7,L  -0.4%  H  332.1  366.2,L  22.1%  H  279.6  366.2,L  44.3%  H  224.1  366.2,L  1055.4%  H  21.7  366.2,L  121.6%  H  12.9  366.2,L  286.7%  H  12.9  366.2
188,Samvardhana Motherson Inte...,,58141.7,85.8,L  0.9%  H  84.6  86.4,L  -0.1%  H  81.4  88.3,L  6.3%  H  78.4  88.3,L  36.4%  H  62.7  88.3,L  3.4%  H  61.8  91.7,L  34.1%  H  60.9  181.9,L  -31.4%  H  32.4  181.9,L  228.6%  H  24.4  181.9
189,Tata Teleservices (Maharas...,,13997.3,71.6,L  -0.7%  H  71.3  72.8,L  -2.3%  H  71.3  76.5,L  17.0%  H  61  84.3,L  42.2%  H  49.7  84.3,L  -42.4%  H  49.7  149,L  1604.8%  H  2.7  290.2,L  1473.6%  H  1.8  290.2,L  1187.8%  H  1.8  290.2
190,Tube Investments of India ...,,60823.0,3147.2,L  0.4%  H  3126.6  3213.9,L  -0.8%  H  3099.1  3398.7,L  13.1%  H  2782.3  3398.7,L  24.0%  H  2485  3398.7,L  79.5%  H  1710  3398.7,L  605.9%  H  433  3398.7,L  1288.0%  H  222.3  3398.7,L  2231.3%  H  125.1  3398.7
191,CG Power and Industrial So...,,57186.0,374.5,L  0.3%  H  371.3  377.8,L  -0.7%  H  364.4  379.4,L  -3.2%  H  362.4  397.8,L  29.3%  H  286.8  397.8,L  95.7%  H  186.2  397.8,L  4700.6%  H  7.8  397.8,L  572.9%  H  4.8  397.8,L  328.4%  H  4.8  397.8
192,Indian Railway Finance Cor...,,42668.7,32.7,L  -0.2%  H  32.5  32.9,L  -1.2%  H  32.0  33.2,L  2.4%  H  31.8  34.2,L  28.0%  H  25.5  37.4,L  66.2%  H  19.5  37.4,L  ;  H  19.3  37.4,L  ;  H  19.3  37.4,L  ;  H  19.3  37.4
193,NHPC Ltd.,,45654.7,45.5,L  -1.0%  H  45.2  46.1,L  -0.8%  H  45  46.7,L  5.8%  H  42.8  46.8,L  16.4%  H  38.8  47.9,L  39.9%  H  30.4  47.9,L  118.0%  H  19.7  47.9,L  101.6%  H  15.1  47.9,L  146.3%  H  14.8  47.9
194,Gujarat Fluorochemicals Ltd.,,32460.7,2955.0,L  -1.8%  H  2942  3030,L  -5.4%  H  2942  3155,L  -10.5%  H  2942  3451,L  1.9%  H  2900  3451,L  7.9%  H  2534.1  4174.0,L  686.6%  H  335  4174.0,L  ;  H  217.4  4174.0,L  ;  H  217.4  4174.0
195,NMDC Ltd.,,30624.8,104.5,L  ;  H  104.3  105.6,L  -2.1%  H  103.8  107,L  -1.9%  H  103.8  110.5,L  -2.2%  H  103.8  114.6,L  -6.1%  H  92.3  137.5,L  24.2%  H  75.6  213.2,L  1.1%  H  61.6  213.2,L  -0.9%  H  61.6  213.2
196,Devyani International Ltd.,,22722.7,188.5,L  -0.7%  H  184.4  193.4,L  -1.3%  H  184.4  195.8,L  0.8%  H  175.9  199.3,L  34.7%  H  138.3  199.3,L  24.9%  H  134.0  215,L  ;  H  107.6  215,L  ;  H  107.6  215,L  ;  H  107.6  215
197,Piramal Enterprises Ltd.,,22657.5,949.4,L  4.6%  H  915.6  956.3,L  -0.1%  H  863.5  977.2,L  23.1%  H  766  977.2,L  49.6%  H  638  977.2,L  -43.8%  H  630.5  2084.1,L  -29.3%  H  630.5  3015.0,L  -62.8%  H  606.9  3308.0,L  66.6%  H  475.3  3308.0
198,Adani Power Ltd.,,98216.9,254.7,L  0.6%  H  253  258.9,L  -2.3%  H  231  263.3,L  -1.3%  H  231  286,L  46.5%  H  166.4  286,L  -5.8%  H  132.4  432.5,L  592.9%  H  34.4  432.5,L  1542.9%  H  15.2  432.5,L  514.4%  H  15.2  432.5
199,Apollo Tyres Ltd.,,26004.2,409.5,L  2.6%  H  396.5  417.8,L  -2.4%  H  396.5  427.6,L  4.3%  H  384  427.6,L  33.3%  H  305.3  427.6,L  116.8%  H  184.3  427.6,L  268.9%  H  105.9  427.6,L  60.8%  H  73.4  427.6,L  624.7%  H  56.4  427.6
